{"cameraMode":{"drawMode":0,"name":"Shaded","section":"Shading Mode"},"sceneLighting":true,"audioPlay":false,"sceneViewState":{"showFog":true,"showMaterialUpdate":false,"showSkybox":true,"showFlares":true,"showImageEffects":true,"showParticleSystems":true},"in2DMode":false,"pivot":{"x":0.05800294876098633,"y":1.3161392211914063,"z":0.9893393516540527},"rotation":{"x":-0.48515191674232485,"y":0.11943602561950684,"z":-0.06708043068647385,"w":-0.8636625409126282},"size":4.707557201385498,"orthographic":false}